﻿[{"distinct_id":"159f0ddf9c437c-0b4d95a6f3b9be-123a6850-13c680-159f0ddf9c525a","time":1485804930001,"properties":{"$browser":"Chrome","$browser_version":56,"$city":"San Francisco","$country_code":"US","$email":"austin@fake.com","$initial_referrer":"$direct","$initial_referring_domain":"$direct","$name":"Austin","$os":"Mac OS X","$region":"California","$timezone":"America/Los_Angeles","$transactions":[{"$amount":0.99,"$time":"2017-01-30T11:31:41.000Z"}],"Favorite Genre":"Classical","First Login Date":"2017-01-30T11:38:48.000Z","Lifetime Song Play Count":2,"Lifetime Song Purchase Count":1,"Plan":"Premium"},"last_seen":1485804930001,"labels":[]},{"distinct_id":"159d2557e9255b-0d1c53d2bc3aa3-1d366f53-13c680-159d2557e93807","time":1485292974730,"properties":{"$browser":"Chrome","$browser_version":55,"$city":"San Francisco","$country_code":"US","$email":"neema.oshidary@mixpanel.com","$initial_referrer":"$direct","$initial_referring_domain":"$direct","$name":"Neema Oshidary","$os":"Mac OS X","$region":"California","$timezone":"America/Los_Angeles","$transactions":[{"$amount":0.99,"$time":"2017-01-24T13:22:54.000Z"}],"Favorite Genre":"Rock","Lifetime Song Play Count":1,"Lifetime Song Purchase Count":1,"Plan":"Premium"},"last_seen":1485292974730,"labels":[]},{"distinct_id":"159d26d852bc2-0218a9eedf5d02-1d326f50-13c680-159d26d852c2cc","time":1485294450309,"properties":{"$browser":"Chrome","$browser_version":55,"$city":"San Francisco","$country_code":"US","$email":"amir.movafaghi@mixpanel.com","$initial_referrer":"$direct","$initial_referring_domain":"$direct","$name":"Amir MOvafaghi","$os":"Mac OS X","$region":"California","$timezone":"America/Los_Angeles","$transactions":[{"$amount":0.99,"$time":"2017-01-24T13:43:30.000Z"}],"Favorite Genre":"Rock","Lifetime Song Play Count":1,"Lifetime Song Purchase Count":1,"Plan":"Premium"},"last_seen":1485294450309,"labels":[]},{"distinct_id":"jeremy.mungle+1@mixpanel.com","time":1485805915155,"properties":{"$browser":"Chrome","$browser_version":55,"$city":"San Francisco","$country_code":"US","$email":"jeremy@jeremyyyy.es","$initial_referrer":"http://mp.oshidary.com/musicfinder/home.html","$initial_referring_domain":"mp.oshidary.com","$name":"Jeremy","$os":"Mac OS X","$region":"California","$timezone":"America/Los_Angeles","Favorite Genre":"Classical","Plan":"Free"},"last_seen":1485805915155,"labels":[]}]
