[{"name":"Page Loaded","distinct_id":"159f0ddf9c437c-0b4d95a6f3b9be-123a6850-13c680-159f0ddf9c525a","labels":[],"time":1485775797000,"sampling_factor":1,"properties":{"$browser":"Chrome","$browser_version":56,"$city":"San Francisco","$current_url":"http://mp.oshidary.com/musicfinder/","$initial_referrer":"$direct","$initial_referring_domain":"$direct","$lib_version":"2.10.0","$os":"Mac OS X","$region":"California","$screen_height":900,"$screen_width":1440,"Page Name":"Landing Page","mp_country_code":"US","mp_lib":"web"}},{"name":"Page Loaded","distinct_id":"159f0ddf9c437c-0b4d95a6f3b9be-123a6850-13c680-159f0ddf9c525a","labels":[],"time":1485775844000,"sampling_factor":1,"properties":{"$browser":"Chrome","$browser_version":56,"$city":"San Francisco","$current_url":"http://mp.oshidary.com/musicfinder/signup.html","$initial_referrer":"$direct","$initial_referring_domain":"$direct","$lib_version":"2.10.0","$os":"Mac OS X","$referrer":"http://mp.oshidary.com/musicfinder/","$referring_domain":"mp.oshidary.com","$region":"California","$screen_height":900,"$screen_width":1440,"Page Name":"Signup Page","mp_country_code":"US","mp_lib":"web"}},{"name":"Sign Up","distinct_id":"159f0ddf9c437c-0b4d95a6f3b9be-123a6850-13c680-159f0ddf9c525a","labels":[],"time":1485775859000,"sampling_factor":1,"properties":{"$browser":"Chrome","$browser_version":56,"$city":"San Francisco","$current_url":"http://mp.oshidary.com/musicfinder/signup.html","$initial_referrer":"$direct","$initial_referring_domain":"$direct","$lib_version":"2.10.0","$os":"Mac OS X","$referrer":"http://mp.oshidary.com/musicfinder/","$referring_domain":"mp.oshidary.com","$region":"California","$screen_height":900,"$screen_width":1440,"Plan":"Premium","mp_country_code":"US","mp_lib":"web"}},{"name":"Page Loaded","distinct_id":"159f0ddf9c437c-0b4d95a6f3b9be-123a6850-13c680-159f0ddf9c525a","labels":[],"time":1485775859000,"sampling_factor":1,"properties":{"$browser":"Chrome","$browser_version":56,"$city":"San Francisco","$current_url":"http://mp.oshidary.com/musicfinder/home.html","$initial_referrer":"$direct","$initial_referring_domain":"$direct","$lib_version":"2.10.0","$os":"Mac OS X","$referrer":"http://mp.oshidary.com/musicfinder/signup.html","$referring_domain":"mp.oshidary.com","$region":"California","$screen_height":900,"$screen_width":1440,"Page Name":"Homepage","Plan":"Premium","mp_country_code":"US","mp_lib":"web"}},{"name":"Song Played","distinct_id":"159f0ddf9c437c-0b4d95a6f3b9be-123a6850-13c680-159f0ddf9c525a","labels":[],"time":1485775879000,"sampling_factor":1,"properties":{"$browser":"Chrome","$browser_version":56,"$city":"San Francisco","$current_url":"http://mp.oshidary.com/musicfinder/home.html","$initial_referrer":"$direct","$initial_referring_domain":"$direct","$lib_version":"2.10.0","$os":"Mac OS X","$referrer":"http://mp.oshidary.com/musicfinder/signup.html","$referring_domain":"mp.oshidary.com","$region":"California","$screen_height":900,"$screen_width":1440,"Artist":"Pyotr Ilyich Tchaikovsky","Duration":"333","Genre":"Classical","Plan":"Premium","Title":"Allegro Moderato","mp_country_code":"US","mp_lib":"web"}},{"name":"Song Played","distinct_id":"159f0ddf9c437c-0b4d95a6f3b9be-123a6850-13c680-159f0ddf9c525a","labels":[],"time":1485775894000,"sampling_factor":1,"properties":{"$browser":"Chrome","$browser_version":56,"$city":"San Francisco","$current_url":"http://mp.oshidary.com/musicfinder/home.html","$initial_referrer":"$direct","$initial_referring_domain":"$direct","$lib_version":"2.10.0","$os":"Mac OS X","$referrer":"http://mp.oshidary.com/musicfinder/signup.html","$referring_domain":"mp.oshidary.com","$region":"California","$screen_height":900,"$screen_width":1440,"Artist":"Pavel Chesnokov","Duration":"333","Genre":"Classical","Plan":"Premium","Title":"Salvation is Created","mp_country_code":"US","mp_lib":"web"}},{"name":"Song Purchased","distinct_id":"159f0ddf9c437c-0b4d95a6f3b9be-123a6850-13c680-159f0ddf9c525a","labels":[],"time":1485775901000,"sampling_factor":1,"properties":{"$browser":"Chrome","$browser_version":56,"$city":"San Francisco","$current_url":"http://mp.oshidary.com/musicfinder/home.html","$initial_referrer":"$direct","$initial_referring_domain":"$direct","$lib_version":"2.10.0","$os":"Mac OS X","$referrer":"http://mp.oshidary.com/musicfinder/signup.html","$referring_domain":"mp.oshidary.com","$region":"California","$screen_height":900,"$screen_width":1440,"Artist":"Wolfgang Amadeus Mozart","Duration":"333","Genre":"Classical","Plan":"Premium","Price":"0.99","Title":"Requiem: Lacrimosa","mp_country_code":"US","mp_lib":"web"}},{"name":"Plan Downgraded","distinct_id":"159f0ddf9c437c-0b4d95a6f3b9be-123a6850-13c680-159f0ddf9c525a","labels":[],"time":1485775989000,"sampling_factor":1,"properties":{"$browser":"Chrome","$browser_version":56,"$city":"San Francisco","$current_url":"http://mp.oshidary.com/musicfinder/home.html","$initial_referrer":"$direct","$initial_referring_domain":"$direct","$lib_version":"2.10.0","$os":"Mac OS X","$referrer":"http://mp.oshidary.com/musicfinder/signup.html","$referring_domain":"mp.oshidary.com","$region":"California","$screen_height":900,"$screen_width":1440,"Plan":"Free","mp_country_code":"US","mp_lib":"web"}},{"name":"Plan Upgraded","distinct_id":"159f0ddf9c437c-0b4d95a6f3b9be-123a6850-13c680-159f0ddf9c525a","labels":[],"time":1485775999000,"sampling_factor":1,"properties":{"$browser":"Chrome","$browser_version":56,"$city":"San Francisco","$current_url":"http://mp.oshidary.com/musicfinder/home.html","$initial_referrer":"$direct","$initial_referring_domain":"$direct","$lib_version":"2.10.0","$os":"Mac OS X","$referrer":"http://mp.oshidary.com/musicfinder/signup.html","$referring_domain":"mp.oshidary.com","$region":"California","$screen_height":900,"$screen_width":1440,"Plan":"Premium","mp_country_code":"US","mp_lib":"web"}},{"name":"Logout","distinct_id":"159f0ddf9c437c-0b4d95a6f3b9be-123a6850-13c680-159f0ddf9c525a","labels":[],"time":1485776084000,"sampling_factor":1,"properties":{"$browser":"Chrome","$browser_version":56,"$city":"San Francisco","$current_url":"http://mp.oshidary.com/musicfinder/home.html","$initial_referrer":"$direct","$initial_referring_domain":"$direct","$lib_version":"2.10.0","$os":"Mac OS X","$referrer":"http://mp.oshidary.com/musicfinder/signup.html","$referring_domain":"mp.oshidary.com","$region":"California","$screen_height":900,"$screen_width":1440,"Plan":"Premium","mp_country_code":"US","mp_lib":"web"}},{"name":"Page Loaded","distinct_id":"159f0ddf9c437c-0b4d95a6f3b9be-123a6850-13c680-159f0ddf9c525a","labels":[],"time":1485776084000,"sampling_factor":1,"properties":{"$browser":"Chrome","$browser_version":56,"$city":"San Francisco","$current_url":"http://mp.oshidary.com/musicfinder/index.html","$initial_referrer":"$direct","$initial_referring_domain":"$direct","$lib_version":"2.10.0","$os":"Mac OS X","$referrer":"http://mp.oshidary.com/musicfinder/home.html","$referring_domain":"mp.oshidary.com","$region":"California","$screen_height":900,"$screen_width":1440,"Page Name":"Landing Page","Plan":"Premium","mp_country_code":"US","mp_lib":"web"}},{"name":"Page Loaded","distinct_id":"159f0ddf9c437c-0b4d95a6f3b9be-123a6850-13c680-159f0ddf9c525a","labels":[],"time":1485776119000,"sampling_factor":1,"properties":{"$browser":"Chrome","$browser_version":56,"$city":"San Francisco","$current_url":"http://mp.oshidary.com/musicfinder/login.html","$initial_referrer":"$direct","$initial_referring_domain":"$direct","$lib_version":"2.10.0","$os":"Mac OS X","$referrer":"http://mp.oshidary.com/musicfinder/index.html","$referring_domain":"mp.oshidary.com","$region":"California","$screen_height":900,"$screen_width":1440,"Page Name":"Login Page","Plan":"Premium","mp_country_code":"US","mp_lib":"web"}},{"name":"Login","distinct_id":"159f0ddf9c437c-0b4d95a6f3b9be-123a6850-13c680-159f0ddf9c525a","labels":[],"time":1485776130000,"sampling_factor":1,"properties":{"$browser":"Chrome","$browser_version":56,"$city":"San Francisco","$current_url":"http://mp.oshidary.com/musicfinder/login.html","$initial_referrer":"$direct","$initial_referring_domain":"$direct","$lib_version":"2.10.0","$os":"Mac OS X","$referrer":"http://mp.oshidary.com/musicfinder/index.html","$referring_domain":"mp.oshidary.com","$region":"California","$screen_height":900,"$screen_width":1440,"Plan":"Premium","mp_country_code":"US","mp_lib":"web"}},{"name":"Page Loaded","distinct_id":"159f0ddf9c437c-0b4d95a6f3b9be-123a6850-13c680-159f0ddf9c525a","labels":[],"time":1485776130000,"sampling_factor":1,"properties":{"$browser":"Chrome","$browser_version":56,"$city":"San Francisco","$current_url":"http://mp.oshidary.com/musicfinder/home.html","$initial_referrer":"$direct","$initial_referring_domain":"$direct","$lib_version":"2.10.0","$os":"Mac OS X","$referrer":"http://mp.oshidary.com/musicfinder/login.html","$referring_domain":"mp.oshidary.com","$region":"California","$screen_height":900,"$screen_width":1440,"Page Name":"Homepage","Plan":"Premium","mp_country_code":"US","mp_lib":"web"}},{"name":"Page Loaded","distinct_id":"159d26d852bc2-0218a9eedf5d02-1d326f50-13c680-159d26d852c2cc","labels":[],"time":1485265311000,"sampling_factor":1,"properties":{"$browser":"Chrome","$browser_version":55,"$city":"San Francisco","$current_url":"http://mp.oshidary.com/musicfinder/","$initial_referrer":"$direct","$initial_referring_domain":"$direct","$lib_version":"2.10.0","$os":"Mac OS X","$region":"California","$screen_height":900,"$screen_width":1440,"Page Name":"Landing Page","mp_country_code":"US","mp_lib":"web"}},{"name":"Page Loaded","distinct_id":"159d26d852bc2-0218a9eedf5d02-1d326f50-13c680-159d26d852c2cc","labels":[],"time":1485265328000,"sampling_factor":1,"properties":{"$browser":"Chrome","$browser_version":55,"$city":"San Francisco","$current_url":"http://mp.oshidary.com/musicfinder/signup.html","$initial_referrer":"$direct","$initial_referring_domain":"$direct","$lib_version":"2.10.0","$os":"Mac OS X","$referrer":"http://mp.oshidary.com/musicfinder/","$referring_domain":"mp.oshidary.com","$region":"California","$screen_height":900,"$screen_width":1440,"Page Name":"Signup Page","mp_country_code":"US","mp_lib":"web"}},{"name":"Page Loaded","distinct_id":"159d26d852bc2-0218a9eedf5d02-1d326f50-13c680-159d26d852c2cc","labels":[],"time":1485265346000,"sampling_factor":1,"properties":{"$browser":"Chrome","$browser_version":55,"$city":"San Francisco","$current_url":"http://mp.oshidary.com/musicfinder/","$initial_referrer":"$direct","$initial_referring_domain":"$direct","$lib_version":"2.10.0","$os":"Mac OS X","$region":"California","$screen_height":900,"$screen_width":1440,"Page Name":"Landing Page","mp_country_code":"US","mp_lib":"web"}},{"name":"Page Loaded","distinct_id":"159d26d852bc2-0218a9eedf5d02-1d326f50-13c680-159d26d852c2cc","labels":[],"time":1485265349000,"sampling_factor":1,"properties":{"$browser":"Chrome","$browser_version":55,"$city":"San Francisco","$current_url":"http://mp.oshidary.com/musicfinder/login.html","$initial_referrer":"$direct","$initial_referring_domain":"$direct","$lib_version":"2.10.0","$os":"Mac OS X","$referrer":"http://mp.oshidary.com/musicfinder/","$referring_domain":"mp.oshidary.com","$region":"California","$screen_height":900,"$screen_width":1440,"Page Name":"Login Page","mp_country_code":"US","mp_lib":"web"}},{"name":"Page Loaded","distinct_id":"159d26d852bc2-0218a9eedf5d02-1d326f50-13c680-159d26d852c2cc","labels":[],"time":1485265354000,"sampling_factor":1,"properties":{"$browser":"Chrome","$browser_version":55,"$city":"San Francisco","$current_url":"http://mp.oshidary.com/musicfinder/","$initial_referrer":"$direct","$initial_referring_domain":"$direct","$lib_version":"2.10.0","$os":"Mac OS X","$region":"California","$screen_height":900,"$screen_width":1440,"Page Name":"Landing Page","mp_country_code":"US","mp_lib":"web"}},{"name":"Page Loaded","distinct_id":"159d26d852bc2-0218a9eedf5d02-1d326f50-13c680-159d26d852c2cc","labels":[],"time":1485265357000,"sampling_factor":1,"properties":{"$browser":"Chrome","$browser_version":55,"$city":"San Francisco","$current_url":"http://mp.oshidary.com/musicfinder/signup.html","$initial_referrer":"$direct","$initial_referring_domain":"$direct","$lib_version":"2.10.0","$os":"Mac OS X","$referrer":"http://mp.oshidary.com/musicfinder/","$referring_domain":"mp.oshidary.com","$region":"California","$screen_height":900,"$screen_width":1440,"Page Name":"Signup Page","mp_country_code":"US","mp_lib":"web"}},{"name":"Sign Up","distinct_id":"159d26d852bc2-0218a9eedf5d02-1d326f50-13c680-159d26d852c2cc","labels":[],"time":1485265393000,"sampling_factor":1,"properties":{"$browser":"Chrome","$browser_version":55,"$city":"San Francisco","$current_url":"http://mp.oshidary.com/musicfinder/signup.html","$initial_referrer":"$direct","$initial_referring_domain":"$direct","$lib_version":"2.10.0","$os":"Mac OS X","$referrer":"http://mp.oshidary.com/musicfinder/","$referring_domain":"mp.oshidary.com","$region":"California","$screen_height":900,"$screen_width":1440,"Plan":"Premium","mp_country_code":"US","mp_lib":"web"}},{"name":"Page Loaded","distinct_id":"159d26d852bc2-0218a9eedf5d02-1d326f50-13c680-159d26d852c2cc","labels":[],"time":1485265394000,"sampling_factor":1,"properties":{"$browser":"Chrome","$browser_version":55,"$city":"San Francisco","$current_url":"http://mp.oshidary.com/musicfinder/home.html","$initial_referrer":"$direct","$initial_referring_domain":"$direct","$lib_version":"2.10.0","$os":"Mac OS X","$referrer":"http://mp.oshidary.com/musicfinder/signup.html","$referring_domain":"mp.oshidary.com","$region":"California","$screen_height":900,"$screen_width":1440,"Page Name":"Homepage","Plan":"Premium","mp_country_code":"US","mp_lib":"web"}},{"name":"Song Played","distinct_id":"159d26d852bc2-0218a9eedf5d02-1d326f50-13c680-159d26d852c2cc","labels":[],"time":1485265401000,"sampling_factor":1,"properties":{"$browser":"Chrome","$browser_version":55,"$city":"San Francisco","$current_url":"http://mp.oshidary.com/musicfinder/home.html","$initial_referrer":"$direct","$initial_referring_domain":"$direct","$lib_version":"2.10.0","$os":"Mac OS X","$referrer":"http://mp.oshidary.com/musicfinder/signup.html","$referring_domain":"mp.oshidary.com","$region":"California","$screen_height":900,"$screen_width":1440,"Artist":"The Pixies","Duration":"333","Genre":"Rock","Plan":"Premium","Title":"Hey","mp_country_code":"US","mp_lib":"web"}},{"name":"Song Purchased","distinct_id":"159d26d852bc2-0218a9eedf5d02-1d326f50-13c680-159d26d852c2cc","labels":[],"time":1485265410000,"sampling_factor":1,"properties":{"$browser":"Chrome","$browser_version":55,"$city":"San Francisco","$current_url":"http://mp.oshidary.com/musicfinder/home.html","$initial_referrer":"$direct","$initial_referring_domain":"$direct","$lib_version":"2.10.0","$os":"Mac OS X","$referrer":"http://mp.oshidary.com/musicfinder/signup.html","$referring_domain":"mp.oshidary.com","$region":"California","$screen_height":900,"$screen_width":1440,"Artist":"The Clash","Duration":"333","Genre":"Rock","Plan":"Premium","Price":"0.99","Title":"Rock the Casbah","mp_country_code":"US","mp_lib":"web"}},{"name":"Plan Downgraded","distinct_id":"159d26d852bc2-0218a9eedf5d02-1d326f50-13c680-159d26d852c2cc","labels":[],"time":1485265618000,"sampling_factor":1,"properties":{"$browser":"Chrome","$browser_version":55,"$city":"San Francisco","$current_url":"http://mp.oshidary.com/musicfinder/home.html","$initial_referrer":"$direct","$initial_referring_domain":"$direct","$lib_version":"2.10.0","$os":"Mac OS X","$referrer":"http://mp.oshidary.com/musicfinder/signup.html","$referring_domain":"mp.oshidary.com","$region":"California","$screen_height":900,"$screen_width":1440,"Plan":"Free","mp_country_code":"US","mp_lib":"web"}},{"name":"Plan Upgraded","distinct_id":"159d26d852bc2-0218a9eedf5d02-1d326f50-13c680-159d26d852c2cc","labels":[],"time":1485265650000,"sampling_factor":1,"properties":{"$browser":"Chrome","$browser_version":55,"$city":"San Francisco","$current_url":"http://mp.oshidary.com/musicfinder/home.html","$initial_referrer":"$direct","$initial_referring_domain":"$direct","$lib_version":"2.10.0","$os":"Mac OS X","$referrer":"http://mp.oshidary.com/musicfinder/signup.html","$referring_domain":"mp.oshidary.com","$region":"California","$screen_height":900,"$screen_width":1440,"Plan":"Premium","mp_country_code":"US","mp_lib":"web"}},{"name":"Page Loaded","distinct_id":"jeremy.mungle+1@mixpanel.com","labels":[],"time":1485777081000,"sampling_factor":1,"properties":{"$browser":"Chrome","$browser_version":55,"$city":"San Francisco","$current_url":"http://mp.oshidary.com/musicfinder/","$initial_referrer":"http://mp.oshidary.com/musicfinder/home.html","$initial_referring_domain":"mp.oshidary.com","$lib_version":"2.10.0","$os":"Mac OS X","$region":"California","$screen_height":1440,"$screen_width":2560,"Page Name":"Landing Page","Plan":"Free","mp_country_code":"US","mp_lib":"web"}},{"name":"Page Loaded","distinct_id":"jeremy.mungle+1@mixpanel.com","labels":[],"time":1485777092000,"sampling_factor":1,"properties":{"$browser":"Chrome","$browser_version":55,"$city":"San Francisco","$current_url":"http://mp.oshidary.com/musicfinder/signup.html","$initial_referrer":"http://mp.oshidary.com/musicfinder/home.html","$initial_referring_domain":"mp.oshidary.com","$lib_version":"2.10.0","$os":"Mac OS X","$referrer":"http://mp.oshidary.com/musicfinder/","$referring_domain":"mp.oshidary.com","$region":"California","$screen_height":1440,"$screen_width":2560,"Page Name":"Signup Page","Plan":"Free","mp_country_code":"US","mp_lib":"web"}},{"name":"Sign Up","distinct_id":"jeremy.mungle+1@mixpanel.com","labels":[],"time":1485777115000,"sampling_factor":1,"properties":{"$browser":"Chrome","$browser_version":55,"$city":"San Francisco","$current_url":"http://mp.oshidary.com/musicfinder/signup.html","$initial_referrer":"http://mp.oshidary.com/musicfinder/home.html","$initial_referring_domain":"mp.oshidary.com","$lib_version":"2.10.0","$os":"Mac OS X","$referrer":"http://mp.oshidary.com/musicfinder/","$referring_domain":"mp.oshidary.com","$region":"California","$screen_height":1440,"$screen_width":2560,"Plan":"Free","mp_country_code":"US","mp_lib":"web"}},{"name":"Page Loaded","distinct_id":"jeremy.mungle+1@mixpanel.com","labels":[],"time":1485777115000,"sampling_factor":1,"properties":{"$browser":"Chrome","$browser_version":55,"$city":"San Francisco","$current_url":"http://mp.oshidary.com/musicfinder/home.html","$initial_referrer":"http://mp.oshidary.com/musicfinder/home.html","$initial_referring_domain":"mp.oshidary.com","$lib_version":"2.10.0","$os":"Mac OS X","$referrer":"http://mp.oshidary.com/musicfinder/signup.html","$referring_domain":"mp.oshidary.com","$region":"California","$screen_height":1440,"$screen_width":2560,"Page Name":"Homepage","Plan":"Free","mp_country_code":"US","mp_lib":"web"}},{"name":"Page Loaded","distinct_id":"159f0d5c2c4300-0896ff269a9274-1d366f53-13c680-159f0d5c2c54ce","labels":[],"time":1485775458000,"sampling_factor":1,"properties":{"$browser":"Chrome","$browser_version":55,"$city":"San Francisco","$current_url":"http://mp.oshidary.com/musicfinder/","$initial_referrer":"$direct","$initial_referring_domain":"$direct","$lib_version":"2.10.0","$os":"Mac OS X","$region":"California","$screen_height":900,"$screen_width":1440,"Page Name":"Landing Page","mp_country_code":"US","mp_lib":"web"}},{"name":"Page Loaded","distinct_id":"159d2557e9255b-0d1c53d2bc3aa3-1d366f53-13c680-159d2557e93807","labels":[],"time":1485264148000,"sampling_factor":1,"properties":{"$browser":"Chrome","$browser_version":55,"$city":"San Francisco","$current_url":"http://mp.oshidary.com/musicfinder/signup.html","$initial_referrer":"$direct","$initial_referring_domain":"$direct","$lib_version":"2.10.0","$os":"Mac OS X","$referrer":"http://mp.oshidary.com/musicfinder/","$referring_domain":"mp.oshidary.com","$region":"California","$screen_height":900,"$screen_width":1440,"Page Name":"Signup Page","mp_country_code":"US","mp_lib":"web"}},{"name":"Sign Up","distinct_id":"159d2557e9255b-0d1c53d2bc3aa3-1d366f53-13c680-159d2557e93807","labels":[],"time":1485264169000,"sampling_factor":1,"properties":{"$browser":"Chrome","$browser_version":55,"$city":"San Francisco","$current_url":"http://mp.oshidary.com/musicfinder/signup.html","$initial_referrer":"$direct","$initial_referring_domain":"$direct","$lib_version":"2.10.0","$os":"Mac OS X","$referrer":"http://mp.oshidary.com/musicfinder/","$referring_domain":"mp.oshidary.com","$region":"California","$screen_height":900,"$screen_width":1440,"Plan":"Premium","mp_country_code":"US","mp_lib":"web"}},{"name":"Page Loaded","distinct_id":"159d2557e9255b-0d1c53d2bc3aa3-1d366f53-13c680-159d2557e93807","labels":[],"time":1485264170000,"sampling_factor":1,"properties":{"$browser":"Chrome","$browser_version":55,"$city":"San Francisco","$current_url":"http://mp.oshidary.com/musicfinder/home.html","$initial_referrer":"$direct","$initial_referring_domain":"$direct","$lib_version":"2.10.0","$os":"Mac OS X","$referrer":"http://mp.oshidary.com/musicfinder/signup.html","$referring_domain":"mp.oshidary.com","$region":"California","$screen_height":900,"$screen_width":1440,"Page Name":"Homepage","Plan":"Premium","mp_country_code":"US","mp_lib":"web"}},{"name":"Song Played","distinct_id":"159d2557e9255b-0d1c53d2bc3aa3-1d366f53-13c680-159d2557e93807","labels":[],"time":1485264172000,"sampling_factor":1,"properties":{"$browser":"Chrome","$browser_version":55,"$city":"San Francisco","$current_url":"http://mp.oshidary.com/musicfinder/home.html","$initial_referrer":"$direct","$initial_referring_domain":"$direct","$lib_version":"2.10.0","$os":"Mac OS X","$referrer":"http://mp.oshidary.com/musicfinder/signup.html","$referring_domain":"mp.oshidary.com","$region":"California","$screen_height":900,"$screen_width":1440,"Artist":"The Pixies","Duration":"333","Genre":"Rock","Plan":"Premium","Title":"Hey","mp_country_code":"US","mp_lib":"web"}},{"name":"Song Purchased","distinct_id":"159d2557e9255b-0d1c53d2bc3aa3-1d366f53-13c680-159d2557e93807","labels":[],"time":1485264174000,"sampling_factor":1,"properties":{"$browser":"Chrome","$browser_version":55,"$city":"San Francisco","$current_url":"http://mp.oshidary.com/musicfinder/home.html","$initial_referrer":"$direct","$initial_referring_domain":"$direct","$lib_version":"2.10.0","$os":"Mac OS X","$referrer":"http://mp.oshidary.com/musicfinder/signup.html","$referring_domain":"mp.oshidary.com","$region":"California","$screen_height":900,"$screen_width":1440,"Artist":"The Pixies","Duration":"333","Genre":"Rock","Plan":"Premium","Price":"0.99","Title":"Hey","mp_country_code":"US","mp_lib":"web"}},{"name":"Logout","distinct_id":"159d2557e9255b-0d1c53d2bc3aa3-1d366f53-13c680-159d2557e93807","labels":[],"time":1485264177000,"sampling_factor":1,"properties":{"$browser":"Chrome","$browser_version":55,"$city":"San Francisco","$current_url":"http://mp.oshidary.com/musicfinder/home.html","$initial_referrer":"$direct","$initial_referring_domain":"$direct","$lib_version":"2.10.0","$os":"Mac OS X","$referrer":"http://mp.oshidary.com/musicfinder/signup.html","$referring_domain":"mp.oshidary.com","$region":"California","$screen_height":900,"$screen_width":1440,"Plan":"Premium","mp_country_code":"US","mp_lib":"web"}},{"name":"Page Loaded","distinct_id":"159d2557e9255b-0d1c53d2bc3aa3-1d366f53-13c680-159d2557e93807","labels":[],"time":1485264178000,"sampling_factor":1,"properties":{"$browser":"Chrome","$browser_version":55,"$city":"San Francisco","$current_url":"http://mp.oshidary.com/musicfinder/index.html","$initial_referrer":"$direct","$initial_referring_domain":"$direct","$lib_version":"2.10.0","$os":"Mac OS X","$referrer":"http://mp.oshidary.com/musicfinder/home.html","$referring_domain":"mp.oshidary.com","$region":"California","$screen_height":900,"$screen_width":1440,"Page Name":"Landing Page","Plan":"Premium","mp_country_code":"US","mp_lib":"web"}},{"name":"Page Loaded","distinct_id":"159d2557e9255b-0d1c53d2bc3aa3-1d366f53-13c680-159d2557e93807","labels":[],"time":1486378929000,"sampling_factor":1,"properties":{"$browser":"Chrome","$browser_version":55,"$city":"San Francisco","$current_url":"http://mp.oshidary.com/musicfinder/","$initial_referrer":"$direct","$initial_referring_domain":"$direct","$lib_version":"2.10.0","$os":"Mac OS X","$referrer":"http://mp.oshidary.com/","$referring_domain":"mp.oshidary.com","$region":"California","$screen_height":900,"$screen_width":1440,"Page Name":"Landing Page","Plan":"Premium","mp_country_code":"US","mp_lib":"web"}}]